time,prey,predator
0.0,1.0,0.5
0.1,1.0997377306849425,0.48573206473723807
0.2,1.209592979096424,0.47192069119299535
0.3,1.3306023264356268,0.4585549200596301
0.4,1.4639105749870744,0.44562431243881157
0.5,1.6107795299617478,0.43311894948523494
0.6,1.7725993649675449,0.42102944758437283
0.7,1.9509093004169524,0.4093469553951107
0.8,2.147403722353339,0.3980631518867417
0.9,2.363950024196621,0.38717026720982356
1.0,2.602606142848573,0.3766611150794465
1.1,2.8656555423302286,0.3665290926890842
1.2,3.1556119651690047,0.35676818038653574
1.3,3.475240115161651,0.34737296087274344
1.4,3.8275851551399462,0.3383386971606993
1.5,4.216014488138698,0.32966137581856386
1.6,4.644269509120491,0.32133772767326485
1.7,5.116466114490072,0.3133652280680753
1.8,5.6371072171860925,0.3057421153004748
1.9,6.211185798780672,0.2984675773322854
2.0,6.844167589609735,0.2915417923052256
2.1,7.542150594179164,0.28496614370878304
2.2,8.311893333889174,0.27874325832930263
2.3,9.16081484703425,0.2728770062499868
2.4,10.097000208794688,0.26737251868498735
2.5,11.129442039030122,0.2622368766432678
2.6,12.267958274670136,0.2574786363202577
2.7,13.523463202730225,0.2531088680672811
2.8,14.908119178323496,0.24914168653837881
2.9,16.435336624660508,0.24559425069030838
3.0,18.119774033049442,0.24248676378254408
3.1,19.977347064859057,0.23984256707769921
3.2,22.025809247437714,0.23769248477642474
3.3,24.2845379663018,0.236067943871017
3.4,26.7749982165426,0.23500779909972655
3.5,29.521117585639956,0.2345628930354367
3.6,32.54928625346223,0.23479605608566337
3.7,35.88835699226663,0.23578210649255532
3.8,39.56964516669855,0.23760785033289367
3.9,43.627026988052194,0.24038091576311152
4.0,48.09822805675237,0.24426437544800642
4.1,53.02483010696395,0.2493603256065084
4.2,58.452662557309864,0.2558327558884445
4.3,64.43195929221223,0.2639331398731782
4.4,71.01735866189311,0.27400043506961125
4.5,78.26790348237397,0.28646108291618216
4.6,86.2470410354756,0.30182900878086616
4.7,95.02262306881872,0.3207056219611767
4.8,104.65541748774247,0.34495338006371185
4.9,115.23087719861044,0.3751485744288578
5.0,126.8498385633081,0.4112222956293568
5.1,139.60312499523423,0.45471690365540113
5.2,153.5715469175361,0.5087860317813107
5.3,168.82590176311103,0.5781945865655516
5.4,185.4269739746054,0.6693187478507219
5.5,203.4255350044137,0.7901459687635488
5.6,222.8623433146809,0.9502749757149054
5.7,243.62647011845536,1.1720008472863748
5.8,265.7179496823177,1.470650388339032
5.9,289.00162924444214,1.871826352764984
6.0,312.85028760502917,2.4382799159395905
6.1,336.1444838884585,3.269922232434282
6.2,357.2725575432907,4.503824436016732
6.3,374.1274040522377,6.314338341003443
6.4,383.43385789073704,8.95507182849106
6.5,380.4804335829374,12.758853493276659
6.6,361.09520041135164,17.96224979680954
6.7,322.66444392912194,24.60962529562061
6.8,268.85642557970283,32.10704709565914
6.9,207.69803159166403,39.52731260168711
7.0,149.6350309788188,45.8264549552282
7.1,102.0060786147536,50.390285090035704
7.2,67.09398430597618,53.16113476702691
7.3,43.20990658321024,54.47669617809029
7.4,27.643455523291742,54.740751456085086
7.5,17.71261545066302,54.3191947769924
7.6,11.41497034574774,53.47446012747385
7.7,7.432087257041796,52.37712132246403
7.8,4.894078122924912,51.13864035758384
7.9,3.2657205334284902,49.82701846937033
8.0,2.207321135135972,48.485143891817174
8.1,1.5127314182631733,47.13859705530289
8.2,1.0502919666908705,45.803423184346876
8.3,0.7392292270830825,44.48903989306097
8.4,0.5269208601514461,43.20125582881987
8.5,0.38050936382985356,41.94329562883601
8.6,0.2781554694817279,40.716971153125854
8.7,0.20583032567662168,39.52308372080502
8.8,0.15411767638732396,38.361847093510775
8.9,0.11671032833586513,37.23308942942373
9.0,0.08938740330333265,36.136382004071116
9.1,0.06919481943452106,35.071154049775465
9.2,0.05413144751311091,34.036731366209544
9.3,0.04278373848193039,33.0323853262771
9.4,0.03414720893239314,32.0573579502822
9.5,0.02751928717875523,31.110874572250157
9.6,0.022386145831927606,30.192159186197294
9.7,0.01837438615191437,29.300440883073954
9.8,0.015215290841216141,28.434957806248146
9.9,0.012708091922474983,27.5949616623252
10.0,0.010701183218708873,26.77971977655471
10.1,0.009083810029593655,25.98851576891393
10.2,0.007771890840397449,25.22065101217
10.3,0.006699931664941904,24.475444816423092
10.4,0.005817831961953931,23.752234460395865
10.5,0.005088053413520058,23.05037510158195
10.6,0.00448099321504013,22.369240281286054
10.7,0.003973144619962923,21.708221025952362
10.8,0.003545557116950484,21.066725345227862
10.9,0.003183833169348031,20.444178228682258
11.0,0.0028766902732220625,19.840020901794897
11.1,0.0026148282694904066,19.253711854340512
11.2,0.002390786375574449,18.684725359760566
11.3,0.002198244960970907,18.132550298665038
11.4,0.0020320255472518465,17.59669015883246
11.5,0.0018880908080646595,17.07666303520985
11.6,0.0017634726773635128,16.57200153396351
11.7,0.0016553540885865638,16.082251956373355
11.8,0.001561414729098773,15.606974521065617
11.9,0.0014797392313757995,15.145741933389122
12.0,0.0014087010308238813,14.698139117168061
12.1,0.0013469623657798458,14.263763214702038
12.2,0.0012934597488859076,13.842223403004061
12.3,0.0012472457908978833,13.43313988736686
12.4,0.001207555322391791,13.036145708769485
12.5,0.0011737331078101939,12.650884290492233
12.6,0.0011452072958975969,12.277008933628919
12.7,0.001121489419700445,11.914182817086884
12.8,0.0011021743965671238,11.562078997586998
12.9,0.0010869405281479585,11.220380409663635
13.0,0.0010755407772859234,10.888779571048339
13.1,0.0010677409725900547,10.56697753187662
13.2,0.0010633670834991932,10.254685883605928
13.3,0.0010622814796269722,9.951624272691172
13.4,0.0010643753746887939,9.657520017391345
13.5,0.001069568826501829,9.372108107769504
13.6,0.0010778107369850175,9.095131205692757
13.7,0.0010890788521590684,8.82633964483229
13.8,0.0011033797621464588,8.56549143066337
13.9,0.0011207480779564277,8.312351110748665
14.0,0.001141235355903216,8.066689779874553
14.1,0.001164911199909715,7.8282884609923125
14.2,0.0011918699872494592,7.5969339372819995
14.3,0.0012222309918557303,7.372418560371188
14.4,0.0012561383843215509,7.154540250335001
14.5,0.0012937612318996902,6.943102495696077
14.6,0.001335293498502659,6.7379143534246
14.7,0.001380954044702715,6.538790448938275
14.8,0.0014309866277318636,6.345550976102331
14.9,0.001485659901481843,6.158021697229562
15.0,0.0015452689678210312,5.976033872271119
15.1,0.0016102538743650032,5.799418680632084
15.2,0.0016809713219188378,5.628017296838984
15.3,0.0017577371500997906,5.4616794312240495
15.4,0.0018409395258331804,5.300258276115113
15.5,0.0019310389433523944,5.143610505835598
15.6,0.002028568224198889,4.991596276704525
15.7,0.002134132517222182,4.844079227036513
15.8,0.0022484092985798703,4.7009264771417705
15.9,0.0023721483717375966,4.5620086293261135
16.0,0.0025061718674690855,4.427199767890945
16.1,0.0026513742438561186,4.29637745913327
16.2,0.00280872228628857,4.169422751345679
16.3,0.0029792551074643296,4.0462201748163755
16.4,0.0031640841473894064,3.9266577418291457
16.5,0.0033643931733778605,3.8106269466633695
16.6,0.003581438280051792,3.69802276559404
16.7,0.003816590286096586,3.5887435566215555
16.8,0.004071902602052134,3.482690169016293
16.9,0.004348946577866529,3.3797689680982583
17.0,0.004649309022002766,3.279889351017588
17.1,0.0049748960027188325,3.182962855700536
17.2,0.005327932848067739,3.0889031608494624
17.3,0.005710964145897538,2.997626085942824
17.4,0.006126853743851292,2.909049591235195
17.5,0.006578784749367107,2.823093777757248
17.6,0.0070702595296780624,2.739680887315769
17.7,0.00760509971181231,2.6587353024936484
17.8,0.008187446182592985,2.580183546649881
17.9,0.008821759088638335,2.5039542839195676
18.0,0.009512817836361388,2.429978319213926
18.1,0.010265721091970596,2.3581885982202593
18.2,0.011085886781469084,2.2885202074019984
18.3,0.011979090161068634,2.2209103633351344
18.4,0.012953343977458705,2.1552980740646324
18.5,0.014016019729115071,2.0916251343864944
18.6,0.015174468444503125,2.029835227220214
18.7,0.016437376236788925,1.9698734126532946
18.8,0.017814764303839485,1.911686127941241
18.9,0.019317988928222247,1.8552211875075766
19.0,0.020959741477205578,1.8004277829438255
19.1,0.022754048402758627,1.747256483009525
19.2,0.024716271241550812,1.6956592336322256
19.3,0.02686310661495278,1.6455893579074787
19.4,0.029212586229035466,1.5970015560988526
19.5,0.031784076874571084,1.549851905637916
19.6,0.03459828042703241,1.50409786112425
19.7,0.03767723384659216,1.459698254325454
19.8,0.041046785514234234,1.4166130711925609
19.9,0.04473864508722396,1.3748034329840477
20.0,0.04878007194229505,1.3342324735877815
20.1,0.053203015132300004,1.2948642950506495
20.2,0.05804475632151923,1.2566639024184103
20.3,0.06334790978566135,1.219597203735691
20.4,0.06916042241186193,1.1836310100459955
20.5,0.07553557369868596,1.1487330353916934
20.6,0.08253197575612457,1.1148718968140316
20.7,0.09021357330559773,1.0820171143531272
20.8,0.0986496436799533,1.0501391110479668
20.9,0.10791479682346489,1.0192092129364152
21.0,0.11808897529183879,0.9891996490551975
21.1,0.12925745425220572,0.9600835514399189
21.2,0.14151213740893828,0.9318349356907133
21.3,0.15497596085320317,0.9044284087883457
21.4,0.16976180597894233,0.877839875627407
21.5,0.18599041528966995,0.8520460884862198
21.6,0.2038038633347993,0.8270244159590242
21.7,0.22336555670964442,0.8027528429559746
21.8,0.24486023405542154,0.7792099707031374
21.9,0.2684939660592447,0.7563750167424965
22.0,0.29449415545413254,0.7342278149319474
22.1,0.3231095370189996,0.7127488154453026
22.2,0.3546101775786617,0.6919190847722889
22.3,0.3892874760038408,0.6717203057185447
22.4,0.42745416321115304,0.6521347774056263
22.5,0.4694443021631169,0.6331454152710028
22.6,0.515614478553276,0.6147357478615731
22.7,0.5664312654464844,0.5968897378567881
22.8,0.6223509852068124,0.5795922415943945
22.9,0.6838454272041093,0.5628288172746367
23.0,0.7514706840435518,0.5465855074541084
23.1,0.8258671515656305,0.5308488390457556
23.2,0.9077595288461504,0.5156058233188762
23.3,0.9979568181962541,0.5008439558991169
23.4,1.0973523251623818,0.48655121676847846
23.5,1.206923658526315,0.4727160702653101
23.6,1.3277327303051276,0.4593274650843151
23.7,1.46092575575124,0.4463748342765459
23.8,1.607733253352387,0.4338480952494064
23.9,1.769470044831595,0.4217376497666532
24.0,1.9475432816728113,0.41003438395648595
24.1,2.1437870188000296,0.3987297460376146
24.2,2.3599854192058096,0.387815958895656
24.3,2.5980237951142957,0.3772859282471814
24.4,2.86011562280416,0.3671332130691396
24.5,3.148802542608654,0.3573520255988542
24.6,3.466954358915579,0.3479372313340259
24.7,3.8177690401672364,0.33888434903273174
24.8,4.204772718860595,0.3301895507134235
24.9,4.631819691547027,0.3218496616549311
25.0,5.103092418832645,0.31386216039645853
25.1,5.623101525377912,0.30622517873758776
25.2,6.196685799898036,0.2989375017382756
25.3,6.829012195162617,0.29199856771885585
25.4,7.525722357955774,0.2854089858366649
25.5,8.294068272714355,0.2791738078603478
25.6,9.140884981075128,0.27329436942911756
25.7,10.073823659620896,0.2677736134864707
25.8,11.101769285987537,0.2626176924106417
25.9,12.234840638863696,0.2578359680146041
26.0,13.484390297991272,0.2534410115460693
26.1,14.863004644164842,0.2494486036874877
26.2,16.384503859232037,0.24587773455604803
26.3,18.063941926093733,0.24275060370367713
26.4,19.9176066287032,0.24009262011704088
26.5,21.96301955206726,0.23793240221754314
26.6,24.218936082245328,0.23630177786132656
26.7,26.70534540634996,0.2352357843392721
26.8,29.444552772001924,0.23484669939102468
26.9,32.46287405116441,0.2352780912589189
27.0,35.78810134987014,0.23646836217404563
27.1,39.451733693954,0.23840971833294253
27.2,43.489085844003256,0.24115831091341586
27.3,47.93928829535834,0.24483423607454163
27.4,52.84528727811181,0.2496215349566646
27.5,58.25384475710937,0.255768193681399
27.6,64.21553843194916,0.2635861433516284
27.7,70.78476173698117,0.27345126005150355
27.8,78.01972384130953,0.2858033648464474
27.9,85.98244964878945,0.301146223783149
28.0,94.73877979803032,0.32004754788956935
28.1,104.35742494935023,0.3432541194152828
28.2,114.90294251441951,0.3732575658821675
28.3,126.47823675080673,0.4100431168854292
28.4,139.18542024498078,0.45417731059319544
28.5,153.11198176221876,0.5082199867379296
28.6,168.3307862466027,0.576724286616421
28.7,184.90007482102058,0.6662366530897815
28.8,202.86346478716936,0.785296830583472
28.9,222.24994962554786,0.9444378650872495
29.0,243.01143881738003,1.1603631348630243
29.1,264.9659508717283,1.4608972713409814
29.2,288.181853426682,1.8607199847720148
29.3,312.17116104390027,2.4143642695743726
29.4,335.79568386374063,3.222398983122171
29.5,357.267027605265,4.431428845745451
29.6,374.1465935662336,6.234094440729956
29.7,383.34557862310913,8.869072214317358
29.8,380.8947619562983,12.629055580548364
29.9,361.9001121077241,17.804359863517757
30.0,324.29405790444673,24.38012217237395
30.1,270.5184719168752,31.89734214338849
30.2,209.3995215953948,39.34091420963001
30.3,150.99815588687915,45.6989049087122
30.4,103.17030603731082,50.296581186707684
30.5,67.81794261654923,53.12212452671715
30.6,43.72925250133051,54.463572390828844
30.7,27.937906160389186,54.756006575767714
30.8,17.903325555767754,54.345968808729104
30.9,11.538095063734557,53.50854563263442
31.0,7.50889525697549,52.41574338604799
31.1,4.94192083387188,51.17961116180412
31.2,3.296253387935839,49.86886590306257
31.3,2.2271841120300357,48.527036089868155
31.4,1.5255580284138952,47.1801132959359
31.5,1.0588444058232866,45.84422999642034
31.6,0.7448517474191585,44.52900503643157
31.7,0.5308027416670055,43.240251342473684
31.8,0.38310309852268437,41.98130077954184
31.9,0.2799873902436659,40.75394711524328
32.0,0.20708364323341485,39.55904019434355
32.1,0.1550099839259347,38.396786703386695
32.2,0.11734702679482847,37.26702865575316
32.3,0.089839582811665,36.169342167932705
32.4,0.06952784722906687,35.103155242768764
32.5,0.05437120294106632,34.067798903906784
32.6,0.042960770313975306,33.06254299381689
32.7,0.03427992572499948,32.08663003089628
32.8,0.02761636631703441,31.139286229616044
32.9,0.022459397291019572,30.219734374954292
33.0,0.01843008742325781,29.3272034137645
33.1,0.015256738157463179,28.46093125254176
33.2,0.012739275041199535,27.62016886030999
33.3,0.010725342567076638,26.804182960115746
33.4,0.009102107054813654,26.01225676974497
33.5,0.007785249835995713,25.2436909302584
33.6,0.006710083232485115,24.49780422760167
33.7,0.005825657976955659,23.77393341366243
33.8,0.005093765173627068,23.071433170439853
33.9,0.004484820411414414,22.38967605521734
34.0,0.003975641089806649,21.728052828679274
34.1,0.0035473878837528833,21.085971170889902
34.2,0.0031849945621185774,20.462855469939402
34.3,0.002877137111025035,19.858146794947555
34.4,0.0026146559751160656,19.27130220455796
34.5,0.0023900230151824155,18.70179553084999
34.6,0.002197105805085105,18.149115655745643
34.7,0.00203074437864799,17.61276583420465
34.8,0.0018867512296577695,17.09226369422451
34.9,0.0017619113118639436,16.587141236840313
35.0,0.0016536394967877068,16.096944269608656
35.1,0.0015595497360021704,15.621232349471933
35.2,0.001477760199311672,15.15957818156153
35.3,0.0014066478035336984,14.711566470868554
35.4,0.0013448467359439271,14.276793918342483
35.5,0.001291248454276263,13.854869220891374
35.6,0.001244966264040023,13.445412666105602
35.7,0.0012051905641155124,13.048055621993077
35.8,0.0011712786800176203,12.662441668025016
35.9,0.0011426720188565118,12.288224235264359
36.0,0.0011188863079186777,11.925066433737793
36.1,0.0010995115946669245,11.57264105243566
36.2,0.0010842122467403766,11.230630559311972
36.3,0.0010727269519544783,10.898727101284448
36.4,0.0010648466099665856,10.576631676498161
36.5,0.0010603803290966756,10.26405433534976
36.6,0.0010591943497999644,9.960715080982265
36.7,0.001061182897985188,9.666341453211707
36.8,0.001066267264647657,9.380668477416254
36.9,0.0010743958058692593,9.103438664536096
37.0,0.0010855439428184563,8.83440201107362
37.1,0.0010997141617502873,8.573315999093264
37.2,0.0011169360140063649,8.319945596221602
37.3,0.001137266856355459,8.074061923499903
37.4,0.0011607807114499314,7.835442772228703
37.5,0.0011875666063542352,7.603875558726366
37.6,0.0012177394213280569,7.379153217149516
37.7,0.001251440111498933,7.161074076607244
37.8,0.0012888357068622466,6.949441861161125
37.9,0.0013301193122812367,6.744065689825163
38.0,0.001375510107486988,6.544760076565868
38.1,0.0014252533470784335,6.351344930302209
38.2,0.0014796203605223568,6.163645554905625
38.3,0.0015389085521533904,5.981492649200027
38.4,0.0016034414011740238,5.804722306961771
38.5,0.001673671980946183,5.6331718678170075
38.6,0.0017500307754444307,5.466685584527881
38.7,0.0018328619929322458,5.305117442064463
38.8,0.0019225881976431948,5.14832482134825
38.9,0.0020197104367300307,4.9961684942800915
39.0,0.0021248082402646504,4.848512623740262
39.1,0.0022385396212381355,4.705224763588408
39.2,0.00236164107556072,4.5661758586635735
39.3,0.002494927582061816,4.431240244784192
39.4,0.0026392926024900163,4.300295648748061
39.5,0.002795708081513043,4.173223188332401
39.6,0.00296522444671784,4.049907372293798
39.7,0.0031489706086104616,3.930236100368241
39.8,0.003348153960616142,3.814100663271113
39.9,0.0035640603790793586,3.7013957426971444
40.0,0.003798054223263643,3.592019411320508
40.1,0.004051666575782275,3.485872940992689
40.2,0.004327098673381519,3.3828601881978844
40.3,0.004625989477347066,3.282890325528951
40.4,0.004950112336687548,3.185875177785893
40.5,0.005301579763711477,3.0917286725437414
40.6,0.005682843434027339,3.0003668401525228
40.7,0.006096694186543526,2.9117078137372716
40.8,0.006546262023468359,2.8256718291980314
40.9,0.0070350161103102165,2.742181225209831
41.0,0.00756676477587729,2.661160443222726
41.1,0.008145655512277724,2.582536027461769
41.2,0.00877617497491969,2.5062366249270154
41.3,0.009463148982511172,2.432192985393533
41.4,0.010211742517060264,2.360337961411379
41.5,0.011027459723874767,2.2906065083056344
41.6,0.011916143911562706,2.222935684176369
41.7,0.012884520128481371,2.157264501496392
41.8,0.013941363924795436,2.093533897594087
41.9,0.015093932590816475,2.0316875610289453
42.0,0.016350548622186996,1.9716706566147888
42.1,0.01772093267135018,1.9134297060256331
42.2,0.019216203547549725,1.8569125877956942
42.3,0.020848878216829965,1.8020685373193883
42.4,0.022632871802036013,1.7488481468513204
42.5,0.024583497582813252,1.6972033655063077
42.6,0.026717466995607838,1.6470874992593594
42.7,0.029052889633666458,1.598455210945686
42.8,0.03160927324703619,1.5512625202606996
42.9,0.03440752374256562,1.5054668037599965
43.0,0.037469945183902294,1.4610267948593956
43.1,0.04082038390867675,1.4179025707539847
43.2,0.04449074288560976,1.3760550410642614
43.3,0.04851081299137618,1.3354469929349586
43.4,0.05291116861515808,1.2960425860431106
43.5,0.05772793533588128,1.2578068721355389
43.6,0.06300278992221624,1.2207057950288418
43.7,0.06878296033257857,1.1847061906093952
43.8,0.07512122571512751,1.1497757868333576
43.9,0.08207591640776836,1.1158832037266584
44.0,0.08971091393814912,1.0829979533850151
44.1,0.0980956510236646,1.0510904399739178
44.2,0.10730511157145159,1.0201319597286407
44.3,0.11741983067839279,0.9900947009542347
44.4,0.12852589463111724,0.9609517440255244
44.5,0.14071494090599643,0.9326770613871203
44.6,0.15409777421677198,0.9052453379234784
44.7,0.16880238462266306,0.8786321451352725
44.8,0.18494539017229056,0.8528142493482055
44.9,0.20266466827870455,0.8277690401916397
45.0,0.22212016526319162,0.8034745181155001
45.1,0.2434938963552791,0.7799092943902662
45.2,0.26698994569273704,0.7570525911069736
45.3,0.2928344663215703,0.7348842411772171
45.4,0.32127568019603064,0.7133846883331431
45.5,0.35258387817860476,0.6925349871274588
45.6,0.387051420040021,0.6723168029334273
45.7,0.42499273445924945,0.6527124119448672
45.8,0.46674431902349717,0.6337047011761554
45.9,0.5126647402282162,0.6152771684622225
46.0,0.5631770603828181,0.5974138274613143
46.1,0.618785067633921,0.5800993157490537
46.2,0.6799488897831028,0.5633191775117179
46.3,0.7472098614322743,0.5470594556502122
46.4,0.8211960950855531,0.5313066762491931
46.5,0.9026224811492372,0.5160478485770765
46.6,0.9922906879318337,0.5012704650860315
46.7,1.0910891616440261,0.4869625014119832
46.8,1.1999931263987016,0.47311241637461243
46.9,1.3200645842109606,0.4597091519773521
47.0,1.4524523149980735,0.4467421334073938
47.1,1.5983918765795146,0.4342012690356832
47.2,1.7592056046769469,0.42207695041692117
47.3,1.9363026129142278,0.41036005228956435
47.4,2.1313767565080175,0.39904196462863334
47.5,2.346366335107533,0.38811481102349904
47.6,2.583106928763723,0.3775714343686686
47.7,2.8437622047175557,0.36740534048146384
47.8,3.130832098306822,0.35761069795017886
47.9,3.447152812966223,0.34818233813407706
48.0,3.795896820227273,0.3391157551633954
48.1,4.180572859718323,0.33040710593934197
48.2,4.6050259391645785,0.32205321013409605
48.3,5.073437334388063,0.31405155019080927
48.4,5.590324589307808,0.3064002713236025
48.5,6.1605415159395145,0.29909818151757034
48.6,6.789278194395737,0.2921447515287788
48.7,7.482070224314643,0.2855401496686406
48.8,8.245936913781104,0.2792890499733376
48.9,9.088033543239842,0.2733941747216748
49.0,10.015829178468115,0.26785774968344267
49.1,11.03805163699648,0.2626853242966123
49.2,12.164687488108681,0.2578857716673361
49.3,13.406982052841546,0.25347128856994827
49.4,14.777439403985504,0.249457395446963
49.5,16.289822366083886,0.245862936409077
49.6,17.959152515433143,0.24271007923516785
49.7,19.801710180083266,0.2400243153722944
49.8,21.83503443983711,0.237834459935697
49.9,24.077923126251,0.2361726517087967
50.0,26.550432822634843,0.23507435314319639
50.1,29.27432774796326,0.23461430739125105
50.2,32.27571815311221,0.23498915551565983
50.3,35.58232785047396,0.23615108630656753
50.4,39.22531186955563,0.23807403450144854
50.5,43.239678411887354,0.24079896051746413
50.6,47.66428885102272,0.24443385045146165
50.7,52.54185773253912,0.24915371607997566
50.8,57.91895277403668,0.2552005948592263
50.9,63.84599486514094,0.26288354992512314
51.0,70.37725806749879,0.2725786700932588
51.1,77.57086961478163,0.2847290698589147
51.2,85.48880991268437,0.29984488939705856
51.3,94.1969125389245,0.3185032945623426
51.4,103.76485299421691,0.34134975841926457
51.5,114.25597417892685,0.3706890353348656
51.6,125.76597095523861,0.40721523102848906
51.7,138.40138662610596,0.45108155420271545
51.8,152.25287001451275,0.5045387240971138
51.9,167.39517546347588,0.571934970488244
52.0,183.887162836041,0.6597160336896544
52.1,201.7717975152837,0.7764251645518674
52.2,221.0761504043135,0.932703124462423
52.3,241.782240262569,1.1432000027703049
52.4,263.66875222555865,1.4378101655118525
52.5,286.80169258395506,1.8314465085786893
52.6,310.76092893430535,2.3742580118485694
52.7,334.461814433301,3.1631929773450564
52.8,356.1551877977766,4.341999029237408
52.9,373.4273733047153,6.101223113840993
53.0,383.20018079123975,8.678211499616483
53.1,381.59268493942943,12.361502012068673
53.2,363.69945772569696,17.44911191996522
53.3,327.18494383571937,23.95068820623313
53.4,274.16652763882,31.43911635211716
53.5,213.15220597479484,38.92260306376943
53.6,154.29076477506746,45.37388672887352
53.7,105.69385441835811,50.08588782421008
53.8,69.59655685515152,53.01198144829703
53.9,44.904828319917286,54.43025183793898
54.0,28.693546001988064,54.77433782108689
54.1,18.375971831926524,54.397693131767745
54.2,11.838085581594244,53.5793528237894
54.3,7.697734052550773,52.49777995212639
54.4,5.061929506919185,51.26748831180289
54.5,3.373241258748869,49.95933285484864
54.6,2.277139230183786,48.61810381345284
54.7,1.5583559520838521,47.27057853269097
54.8,1.08061575912048,45.93337272023885
54.9,0.7595126876529187,44.61638861790814
55.0,0.5407668948046366,43.32563513821826
55.1,0.3899772840841931,42.06454639732123
55.2,0.2847685835700708,40.83499559733095
55.3,0.21045613636645175,39.637871475777715
55.4,0.15741050695132025,38.4734118981801
55.5,0.11907308699330713,37.341475909495706
55.6,0.09109642192385359,36.24164973279247
55.7,0.07044861355107106,35.17336960930205
55.8,0.05505383726720055,34.13596937613111
55.9,0.043471077227268576,33.12872145829321
56.0,0.034663778351676194,32.15086950451166
56.1,0.027908533998078376,31.201639455903653
56.2,0.022683028165394106,30.280254029306526
56.3,0.018602237198789735,29.385941463907038
56.4,0.015390487747486688,28.517938615807928
56.5,0.012843920193511186,27.675495427499435
56.6,0.010807212192649802,26.857877528400834
56.7,0.009166755810129943,26.064366822205056
56.8,0.007836745813086856,25.294262797546466
56.9,0.0067510834221565855,24.546882965881114
57.0,0.005858208790792299,23.821562821142642
57.1,0.005119865400470753,23.11765576525265
57.2,0.004505872303728375,22.434533371640466
57.3,0.003992620459935017,21.771585103435783
57.4,0.0035608745150816534,21.128217350427892
57.5,0.0031956372252112393,20.50385339561728
57.6,0.0028856683830541623,19.897933100302378
57.7,0.002621414837700681,19.309912771135885
57.8,0.0023953945674147162,18.739265355739423
57.9,0.0022012832514263585,18.185478440773988
58.0,0.0020338348747545175,17.648054152548923
58.1,0.0018888817282068507,17.126509157021715
58.2,0.0017633203592099297,16.620374635282875
58.3,0.0016544192260599167,16.12919548427714
58.4,0.00155980259770173,15.65253060712837
58.5,0.0014775485655376312,15.189951609705638
58.6,0.001406013686543616,14.741042255989555
58.7,0.001343832983269424,14.3053984680723
58.8,0.0012899191415087728,13.882628314659359
58.9,0.0012433398452830835,13.47235089069489
59.0,0.0012033023912026756,13.074197743959655
59.1,0.0011691537384542032,12.687811491738143
59.2,0.001140321287822313,12.312844579155122
59.3,0.0011163128816896464,11.948959279175645
59.4,0.0010967168040368334,11.595827692604963
59.5,0.0010812017804425018,11.253131748088677
59.6,0.0010695150150325644,10.920563123224678
59.7,0.0010614271421169,10.597821841131378
59.8,0.0010567563022063611,10.284618403337259
59.9,0.0010553642014293082,9.980671854281832
60.0,0.0010571407679431412,9.68570886477957
60.1,0.0010620041519342994,9.39946373201982
60.2,0.0010699007256182603,9.121678379566832
60.3,0.0010808050832395405,8.852102357359755
60.4,0.0010947200410716962,8.590492841712601
60.5,0.0011116766679651671,8.336614267833852
60.6,0.0011317277517881774,8.090236317084374
60.7,0.0011549399522377388,7.851138936867773
60.8,0.001181403743969792,7.61910857493209
60.9,0.0012112346069970553,7.393937206948425
61.0,0.001244573026689014,7.175422336511045
61.1,0.0012815844937719282,6.963366995137306
61.2,0.0013224595043288268,6.757579742267686
61.3,0.0013674135597995154,6.55787466526577
61.4,0.0014166871669805757,6.364071379418227
61.5,0.001470545838025353,6.175995027934878
61.6,0.001529280090443965,5.993476281948653
61.7,0.0015932690872580983,5.816348462990731
61.8,0.0016629498001799322,5.644448505449455
61.9,0.001738626374310376,5.47762568868522
62.0,0.0018206690573904034,5.315733067936102
62.1,0.0019095213418249585,5.158627159572205
62.2,0.002005699964682943,5.00616794109567
62.3,0.002109794907697223,4.858218851140677
62.4,0.0022224693972646412,4.714646789473416
62.5,0.002344459904445986,4.575322116992143
62.6,0.0024765761449660243,4.440118655727133
62.7,0.0026197010792134725,4.308913688840705
62.8,0.0027747909122410055,4.181587960627216
62.9,0.002942875093765288,4.058025676513038
63.0,0.0031250563181669275,3.938114503056599
63.1,0.003322510524490492,3.8217455679483567
63.2,0.003536486896444531,3.708813460010802
63.3,0.003768307862401536,3.5992162291984644
63.4,0.004019848068144103,3.4928544604785055
63.5,0.004292923216210138,3.3896334020701078
63.6,0.004589050004413393,3.2894623278719233
63.7,0.004910066783473527,3.1922526443195407
63.8,0.005258133566471829,3.097917890361786
63.9,0.0056357320288513415,3.006373737460694
64.0,0.006045665508416715,2.9175379895915463
64.1,0.0064910590053342205,2.8313305832428592
64.2,0.00697535918213201,2.747673587416346
64.3,0.007502334363699615,2.6664912036269945
64.4,0.008076074537288475,2.587709765902979
64.5,0.008700991352511544,2.5112577407857395
64.6,0.0093818181213435,2.43706572732992
64.7,0.010123609818120782,2.365066457103395
64.8,0.010931743079541404,2.2951947941872803
64.9,0.01181191620466505,2.2273877351759133
65.0,0.012771533858468243,2.161584105797446
65.1,0.013818516054053877,2.0977252412132548
65.2,0.014959971526557925,2.0357547222804833
65.3,0.016204342282747634,1.975617504899749
65.4,0.01756141033352167,1.9172599179240943
65.5,0.019042297693908625,1.8606296631590553
65.6,0.020659466383068453,1.8056758153626025
65.7,0.022426718424291937,1.7523488222451657
65.8,0.02435919584499967,1.7006005044696595
65.9,0.026473380676744037,1.650384055651428
66.0,0.02878709495520719,1.6016540423583012
66.1,0.03131950072020277,1.5543664041105492
66.2,0.034091100015675176,1.5084784533809028
66.3,0.03712373488969858,1.4639488755945695
66.4,0.040441854710697674,1.4207376127065738
66.5,0.044077489011315356,1.3788055369912586
66.6,0.04805800099011238,1.3381156035677488
66.7,0.052414405996467996,1.2986318422894656
66.8,0.05718306235215304,1.2603191838176604
66.9,0.06240567135133421,1.223143459621377
67.0,0.0681292772605691,1.1870714019774944
67.1,0.07440626731881066,1.15207064397069
67.2,0.08129437173740577,1.1181097194934555
67.3,0.08885666370009093,1.0851580632461129
67.4,0.0971615593630022,1.0531860107367748
67.5,0.10628281785466312,1.0221647982813897
67.6,0.1162995412759932,0.992066563003708
67.7,0.12729617470030816,0.9628643428352902
67.8,0.13936262315678996,0.9345320747138494
67.9,0.15261663503234194,0.9070443042444041
68.0,0.16717493573723125,0.880376749923931
68.1,0.1831547304702623,0.8545061098502081
68.2,0.2006945608172626,0.8294096972337724
68.3,0.21995430475107444,0.8050654403979302
68.4,0.24111517663157309,0.7814518827787317
68.5,0.26437972720564484,0.7585481829249997
68.6,0.2899718436072069,0.7363341144983052
68.7,0.3181367493572008,0.7147900662729781
68.8,0.34914100436357504,0.693897042136117
68.9,0.3832725049213254,0.6736366610875637
69.0,0.42084048371243826,0.6539911572399357
69.1,0.4621755098059516,0.6349433798185938
69.2,0.5076294886579142,0.6164767931616637
69.3,0.5576448259943221,0.5985753252159148
69.4,0.6126931808262099,0.581223685816608
69.5,0.6732330851449623,0.5644073818119594
69.6,0.739807174724896,0.5481124037686224
69.7,0.8130422883987097,0.532325225695764
69.8,0.8936494680574542,0.517032805045071
69.9,0.9824239586506002,0.5022225827107348
70.0,1.0802452081859457,0.4878824830294691
70.1,1.1880768677297189,0.47400091378049375
70.2,1.306966791406526,0.4605667661855425
70.3,1.4380470363992925,0.4475694149088688
70.4,1.5825338629494072,0.4349987180572313
70.5,1.7417277343565691,0.42284501717990824
70.6,1.917013461465509,0.41109913726488384
70.7,2.110147140801731,0.3997524360499291
70.8,2.3229538776499346,0.3887970320283619
70.9,2.5572689206595753,0.3782257411895843
71.0,2.8152549071380206,0.36803203048729266
71.1,3.0994018630507694,0.3582100178394671
71.2,3.4125272030213867,0.3487544721283761
71.3,3.7577757303313457,0.3396608132005805
71.4,4.1386196369203185,0.3309251118669242
71.5,4.558858503385846,0.3225440899025442
71.6,5.022619298983616,0.31451512004686244
71.7,5.534356381627478,0.3068362260035884
71.8,6.098851497889003,0.29950608244072396
71.9,6.721213782998072,0.29252401499055536
72.0,7.406942728344809,0.28589022371202205
72.1,8.163131896898244,0.2796094734116864
72.2,8.996642310894044,0.2736834692083005
72.3,9.914941122016042,0.2681147086583168
72.4,10.926725359185804,0.26290887282653447
72.5,12.041921928561509,0.2580748262861053
72.6,13.271687613538981,0.25362461711852863
72.7,14.628409074751392,0.2495734769136539
72.8,16.125702850068283,0.24593982076968193
72.9,17.778415354597584,0.24274524729316113
73.0,19.60262288068319,0.24001453859899166
73.1,21.615631597907065,0.237775660310422
73.2,23.83597755308856,0.23605976155905065
73.3,26.283426670283205,0.23490117498482666
73.4,28.9797225703198,0.23438968625708909
73.5,31.950843689246316,0.23469228225503463
73.6,35.224128305280686,0.23575392910653317
73.7,38.83048121760764,0.23755991159328071
73.8,42.80461677789543,0.2401585565659201
73.9,47.18505889029917,0.24366123294404227
74.0,52.01414101145661,0.24824235171618425
74.1,57.33800615049252,0.2541393659398324
74.2,63.20660686901606,0.2616527707414189
74.3,69.67370528112019,0.27114610331632405
74.4,76.79687305338437,0.28304594292887547
74.5,84.63749140487081,0.29784191091234585
74.6,93.26075110712783,0.31608667066895635
74.7,102.73510089713548,0.3384516927827075
74.8,113.1108130250146,0.3683739277747497
74.9,124.49345072696109,0.4055976561629023
75.0,137.0006586488691,0.4493041914264179
75.1,150.72910006072476,0.5011708985567063
75.2,165.75445685660117,0.5653711940573122
75.3,182.1314295546534,0.6485745459439067
75.4,199.8937372971308,0.7599464737443239
75.5,219.0541178503624,0.9111485484985076
75.6,239.60432760477045,1.116338392758567
75.7,261.49300211467147,1.3924729408409333
75.8,284.53402212741247,1.7639477584955907
75.9,308.44172833774905,2.2809324517971534
76.0,332.2800657117407,3.0373403957436524
76.1,354.3846858772434,4.172260898243421
76.2,372.3629471238986,5.869959200115106
76.3,383.0939144031265,8.359876475086443
76.4,382.72835932814115,11.916629829796747
76.5,366.6928155708848,16.85488629220538
76.6,331.8743818751285,23.251646094665475
76.7,280.496736939561,30.649307524170798
76.8,219.68544227668545,38.198014981543686
76.9,160.10637279773385,44.79989468408417
77.0,110.12002840777622,49.71932933151276
77.1,72.7569076348506,52.8184758768378
77.2,46.94913806244112,54.378543175285756
77.3,30.08032092427407,54.8024790714859
77.4,19.219972670046666,54.49068670165073
77.5,12.375220298860848,53.70601498870995
77.6,8.031959387245115,52.64505667993934
77.7,5.277301462529583,51.42458561987548
77.8,3.5094589825295017,50.12135428508563
77.9,2.365949900566047,48.78105917127924
78.0,1.6162421172469172,47.43247998263183
78.1,1.119149924765832,46.09285408411146
78.2,0.785322848246498,44.77271944303549
78.3,0.5582557433944653,43.478378290469685
78.4,0.4020354201333783,42.21344876754875
78.5,0.293092214593855,40.9799676256926
78.6,0.21634299121915904,39.77886500770939
78.7,0.16156110502284227,38.61045978454938
78.8,0.12206166188924893,37.47462206611105
78.9,0.0932591403644584,36.37096683939269
79.0,0.07202299635854059,35.29894161957539
79.1,0.05622250514348503,34.25788300163504
79.2,0.04433653143886939,33.24707185490894
79.3,0.03531211045971133,32.265751069687894
79.4,0.028401330407078682,31.313146452814113
79.5,0.023056125641704044,30.388481537107218
79.6,0.01888777787965262,29.490982280184095
79.7,0.01561220036847347,28.619883746059667
79.8,0.013014869703508342,27.774434509620033
79.9,0.01094005012647773,26.953897738953604
80.0,0.00927124258270105,26.15755320458903
80.1,0.007919163957229075,25.38469825823148
80.2,0.006815255439788247,24.634648111607653
80.3,0.00590877978785432,23.906735865072086
80.4,0.005160055611391663,23.200313093229223
80.5,0.004537908333526777,22.514749255571402
80.6,0.004017438164992431,21.849431245956335
80.7,0.003579910903979457,21.203763279856343
80.8,0.003210346743465323,20.577165788433017
80.9,0.002897114608276863,19.969078213797037
81.0,0.0026306147025420084,19.37895590682599
81.1,0.0024026859627971323,18.806269118166096
81.2,0.002206606057987208,18.25050299823244
81.3,0.002037091389465869,17.711157597209223
81.4,0.0018902970909952241,17.18774786504925
81.5,0.0017635619018373015,16.67980352780095
81.6,0.0016536901042761261,16.18686823895784
81.7,0.0015582412583015964,15.708499195351308
81.8,0.0014752404978581701,15.244266173130951
81.9,0.0014030342058754255,14.793751424250516
82.0,0.0013402883768345532,14.356549649144455
82.1,0.0012858648113537074,13.932266684960487
82.2,0.0012388271656528732,13.52052168717306
82.3,0.0011983937482471032,13.12094526020255
82.4,0.0011638761745983211,12.73317809258413
82.5,0.0011346793671153704,12.35687095696823
82.6,0.001110301555153975,11.991684710120142
82.7,0.0010903342750167603,11.63729029292021
82.8,0.001074462369953256,11.293368730363952
82.9,0.0010624304536983422,10.959610419660844
83.0,0.0010539911867536859,10.635715102385767
83.1,0.0010489665919003316,10.321392351759743
83.2,0.001047210231147999,10.016359639247947
83.3,0.0010486060624208282,9.720342298331984
83.4,0.0010530684395573808,9.433073524509606
83.5,0.0010605421123106357,9.154294375295056
83.6,0.0010710022263479971,8.883753770218709
83.7,0.0010844535908523132,8.621207974619383
83.8,0.0011009200780590128,8.36641887928965
83.9,0.001120444710738968,8.11915905557453
84.0,0.0011430942421444856,7.879207575114214
84.1,0.00116895901667951,7.646349244032257
84.2,0.0011981529698996147,7.420374602935679
84.3,0.001230813628511992,7.201079926915043
84.4,0.001267102110375479,6.988267225544262
84.5,0.0013072031245005221,6.781744242880823
84.6,0.001351324971049214,6.581324457465577
84.7,0.001399699541335274,6.386827082322859
84.8,0.001452582317824033,6.198077064960531
84.9,0.0015103253918123582,6.014901173469143
85.0,0.0015732932332756153,5.83713194306403
85.1,0.0016417563636547698,5.664613616057714
85.2,0.0017160490268592146,5.497194106360254
85.3,0.0017965706929590553,5.334724921144103
85.4,0.0018837860581851938,5.177061160843936
85.5,0.0019782250449292315,5.02406151915684
85.6,0.0020804828017435568,4.875588283042154
85.7,0.0021912197033413117,4.731507332721537
85.8,0.002311161350596329,4.591688141679035
85.9,0.002441098570543277,4.4560037766609195
86.0,0.0025818874163774826,4.324330897675873
86.1,0.0027344491674550883,4.196549757994831
86.2,0.0028997703292929816,4.072544204151055
86.3,0.0030789026335687293,3.9522016759401803
86.4,0.003272963038120754,3.835413206420083
86.5,0.0034831421431106967,3.722073394769422
86.6,0.0037112382397108054,3.612079036872203
86.7,0.003958751837083073,3.5053325349766165
86.8,0.004227035503553476,3.401740148077131
86.9,0.004517732199475714,3.3012103255472574
87.0,0.004832775277230904,3.2036537071396647
87.1,0.005174388481227874,3.10898312298608
87.2,0.005545085947903001,3.017113593597335
87.3,0.005947672205720158,2.927962329863397
87.4,0.006385242175170936,2.841448733053287
87.5,0.006861181168774297,2.7574943948151764
87.6,0.007379164891076982,2.6760230971762984
87.7,0.007943159438653279,2.596960812542992
87.8,0.008557421300104945,2.5202357037007217
87.9,0.009226497356061365,2.4457781238140304
88.0,0.009955224879179473,2.373520616426578
88.1,0.010748731534143855,2.3033979154611104
88.2,0.011613069102853125,2.2353468292193726
88.3,0.012556004700721764,2.1693064715486097
88.4,0.013583896266806053,2.105218542847651
88.5,0.014704121436355267,2.0430262117679487
88.6,0.015925291066830858,1.9826740518845076
88.7,0.017257249237906152,1.9241080416959127
88.8,0.01871107325146571,1.8672755646243528
88.9,0.02029907363160655,1.812125409015566
89.0,0.022034794124636863,1.7586077681388979
89.1,0.023933011699076835,1.7066742401872566
89.2,0.026009736545659166,1.6562778282771224
89.3,0.0282822120773267,1.607372940448586
89.4,0.030768914929236158,1.5599153896652793
89.5,0.03348955495875357,1.513862393814455
89.6,0.03646515736478173,1.469172566964252
89.7,0.03972388891873608,1.4258053781913014
89.8,0.0432923074155706,1.3837222188637426
89.9,0.04719717784569001,1.3428859577914918
90.0,0.05147021446760795,1.3032603823773594
90.1,0.05614808080795048,1.264810198617009
90.2,0.061272389661455186,1.2275010310989751
90.3,0.06688970309096778,1.1912994230046794
90.4,0.07305153242744866,1.1561728361083918
90.5,0.07981433826996538,1.1220896507772744
90.6,0.0872395304856994,1.089019165971344
90.7,0.09539346820994273,1.0569315992434896
90.8,0.10434745984609661,1.025798086739481
90.9,0.11417776306567483,0.9955906831979479
91.0,0.12496558480830125,0.9662823619503971
91.1,0.13680449949806556,0.9378469021204793
91.2,0.14981205783915172,0.9102588367594644
91.3,0.164091115157468,0.8834940317017684
91.4,0.1797613317292693,0.8575290318179709
91.5,0.19696227562697896,0.8323410061222435
91.6,0.21585342271920255,0.8079077477723244
91.7,0.2366141566707239,0.7842076740695296
91.8,0.2594437689424942,0.7612198264587625
91.9,0.28456145879165334,0.7389238705284908
92.0,0.31220633327150227,0.7173000960107735
92.1,0.34263740723153413,0.6963294167812349
92.2,0.3761336033174152,0.6759933708590797
92.3,0.4129937519709749,0.656274120407098
92.4,0.45353659143023556,0.637154451731647
92.5,0.49811513700183296,0.6186177361126348
92.6,0.5471899082386048,0.6006478261444939
92.7,0.6011729225889623,0.5832295614812357
92.8,0.660530246683344,0.566348347844238
92.9,0.7258069719322493,0.5499900752911224
93.0,0.7976272145261745,0.5341411182157736
93.1,0.8766941154356706,0.5187883353483238
93.2,0.9637898404113229,0.5039190697551592
93.3,1.0597755799837125,0.48952114883892606
93.4,1.165591549463501,0.4755828843385166
93.5,1.2822569889413096,0.4620930723290856
93.6,1.4108701632878644,0.4490409932220341
93.7,1.552608362153911,0.43641641176501833
93.8,1.708727899970136,0.4242095770419556
93.9,1.8806169516631674,0.4124112211966682
94.0,2.070073546434045,0.4010126793755438
94.1,2.2787358146498304,0.39000607036248586
94.2,2.508457989897735,0.3793841575661923
94.3,2.761403264020902,0.3691403316928054
94.4,3.0400437871186137,0.35926861074590194
94.5,3.3471606675460834,0.34976364002650373
94.6,3.685843971914623,0.3406206921330687
94.7,4.059492725091591,0.33183566696149513
94.8,4.471814910200211,0.3234050917051247
94.9,4.926827468620033,0.31532612085473377
95.0,5.428856299986281,0.30759653619854416
95.1,5.982536262190445,0.3002147468222139
95.2,6.5928111713800845,0.2931797891088408
95.3,7.265298279286709,0.2864924607618813
95.4,8.006930165595573,0.2801564748308473
95.5,8.82417057504748,0.2741724865928259
95.6,9.724505229512271,0.26854355322193246
95.7,10.71658771616614,0.2632756287475869
95.8,11.810239487491257,0.2583775640545155
95.9,13.016449861276646,0.2538611068827456
96.0,14.347376020617038,0.24974090182761138
96.1,15.816343013914103,0.24603449033974917
96.2,17.437843754875747,0.24276231072509974
96.3,19.227539022515625,0.2399476981449092
96.4,21.202257461154712,0.23761688461572608
96.5,23.379995580419102,0.23579899900940463
96.6,25.779917755242494,0.23452606705310186
96.7,28.424245567166615,0.23393084152153748
96.8,31.338168769618544,0.23408745380116705
96.9,34.54848406162983,0.2349501583855489
97.0,38.085688604466704,0.2365278291784055
97.1,41.98398359428123,0.23888420817695386
97.2,46.281274262110195,0.2421379054719052
97.3,51.01916987387323,0.2464623992474637
97.4,56.242983730377084,0.2520860357813298
97.5,62.001733167310036,0.25929202944469504
97.6,68.34813955524771,0.2684184627022483
97.7,75.33862829964934,0.27985828611217084
97.8,83.03332884085704,0.29405931832613613
97.9,91.4960746541013,0.3115242460893185
98.0,100.79028508416084,0.33326276342876604
98.1,110.97367360084228,0.36221820871339167
98.2,122.15849178442572,0.39724521286325815
98.3,134.45173183329152,0.438249219155177
98.4,147.94429737427944,0.4872381304358353
98.5,162.71100346267585,0.5483223091217568
98.6,178.81057658222474,0.6277145771993304
98.7,196.28565464512573,0.7337302162248289
98.8,215.16278699202294,0.8767869673243243
98.9,235.45243439202457,1.0694050311938241
99.0,257.0813454145183,1.3293100133218942
99.1,279.8801056322564,1.6828672700964766
99.2,303.69179996783697,2.1680497266518133
99.3,327.6918591925795,2.867521032493938
99.4,350.33925235323846,3.9108644037989637
99.5,369.3764867719771,5.474582623412407
99.6,381.82960804639026,7.7820980408500295
99.7,384.0082000494909,11.103752572297644
99.8,371.50439778332327,15.745972282393382
99.9,340.56609814537427,21.855082567068784
100.0,291.9447875735021,29.128861396275205
